{
  "sequential-thinking": {
    "type": "stdio",
    "command": "npx",
    "args": [
      "-y",
      "@modelcontextprotocol/server-sequential-thinking"
    ],
    "env": {}
  },
  "context7": {
    "type": "stdio",
    "command": "npx",
    "args": [
      "-y",
      "@upstash/context7-mcp@latest"
    ],
    "env": {}
  },
  "filesystem": {
    "type": "stdio",
    "command": "npx",
    "args": [
      "-y",
      "@modelcontextprotocol/server-filesystem",
      "/home/alex/C++/GPUWorkLib"
    ],
    "env": {}
  },
  "memory": {
    "type": "stdio",
    "command": "npx",
    "args": [
      "-y",
      "@modelcontextprotocol/server-memory"
    ],
    "env": {}
  },
  "sqlite": {
    "type": "stdio",
    "command": "npx",
    "args": [
      "-y",
      "@modelcontextprotocol/server-sqlite",
      "--db-path",
      "/home/alex/C++/GPUWorkLib/results.db"
    ],
    "env": {}
  },
  "git": {
    "type": "stdio",
    "command": "npx",
    "args": [
      "-y",
      "@modelcontextprotocol/server-git",
      "--repository",
      "/home/alex/C++/GPUWorkLib"
    ],
    "env": {}
  },
  "fetch": {
    "type": "stdio",
    "command": "npx",
    "args": [
      "-y",
      "@modelcontextprotocol/server-fetch"
    ],
    "env": {}
  }
}
